- ### **SQL 执行顺序**

  - 我们手写的 SQL 顺序

  ![aHR0cDovL2hleWdvLm9zcy1jbi1zaGFuZ2hhaS5hbGl5dW5jcy5jb20vaW1hZ2VzL2ltYWdlLTIwMjAwODAzMjEyNzMxMTgzLnBuZw](http://weiguo-1303915920.cos.ap-nanjing.myqcloud.com/147ad86c37dab099ca2cb3bdeec6bae3.png)

  - Mysql实际执行的顺序

    ![aHR0cDovL2hleWdvLm9zcy1jbi1zaGFuZ2hhaS5hbGl5dW5jcy5jb20vaW1hZ2VzL2ltYWdlLTIwMjAwODAzMjEyODI2NDI5LnBuZw](http://weiguo-1303915920.cos.ap-nanjing.myqcloud.com/624a632c60c34bce75d0d47923010f58.png)

    Mysql从FROM开始执行

    ![aHR0cDovL2hleWdvLm9zcy1jbi1zaGFuZ2hhaS5hbGl5dW5jcy5jb20vaW1hZ2VzL2ltYWdlLTIwMjAwODAzMjEyOTM2MTExLnBuZw](http://weiguo-1303915920.cos.ap-nanjing.myqcloud.com/6f8a4e7bdaec91c3f7818bf959ea2228.png)

- ### **GROUP BY:**

  - 列函数对于group by子句定义的每个组各返回一个结果
  - 如果用group by，那么你的select语句中选择的列要么是你group by语句里用到的列，要么是其他表的列，要么是带有sum，min，avg，count等列函数的类

- ### **HAVING**：

  - 通常与GROUP BY字句一起使用

  - WHERE 过滤行，HAVING过滤组

  - 出现在同一sql的顺序：WHERE>GROUP BY>HAVING

    示例：

    ```mysql
    #查询所有平均分大于60的同学的学号，姓名，平均成绩
    select stu.student_id,stu.student_name,avg(s.score)
    from 
    student stu,
    score s
    where stu.student_id=s.student_id
    group by s.student_id
    having avg(s.score)>60;
    
    ```

- **Oracle 分页：**

  ​	分页公式：

  ```plsql
  --pageNo当前页码，pageSize一页几行
  pageNo = 1;
  pageSize = 3;
  select * from (select rownum r,e.* from (select * from emp order by empno desc) e) e1 where r > (pageNo-1)*pageSize and r <= pageNo * pageSize;
  ```

  

- ### LIMIT基本语法：

  ```sql
  SELECT * FROM table  LIMIT [offset,] rows | rows OFFSET offset;
  ```

  如果只给定一个参数，表示记录数。

  ```
  mysql> SELECT * FROM orange LIMIT 5;     //检索前5条记录(1-5)
  ```

  相当于

  ```
  mysql> SELECT * from orange LIMIT 0,5;1
  ```

  两个参数，第一个参数表示offset, 第二个参数为记录数。

  ```
  mysql> SELECT * FROM orange LIMIT 10,15;  // 检索记录11-25
  ```

  再如，另一种用法：

  ```
  mysql> SELECT * FROM orange LIMIT 2 OFFSET 3;//查询4-5两条记录
  ```

  等价于

  ```
  mysql> SELECT * FROM orange  LIMIT 3,2;
  ```

  另外，可以指定第二个参数为-1，用于检索从偏移量到最后一条记录。 
  (试过，MySQL报错，有待进一步验证。)

  ```
  mysql> SELECT * FROM orange LIMIT 95,-1; // 检索记录96-last
  ```

- ### **JOIN连接查询：**

  ![aHR0cDovL2hleWdvLm9zcy1jbi1zaGFuZ2hhaS5hbGl5dW5jcy5jb20vaW1hZ2VzL2ltYWdlLTIwMjAwODAzMjEzMTA2NDM0LnBuZw](http://weiguo-1303915920.cos.ap-nanjing.myqcloud.com/6c54c25dfaabaabb5e74be6fddbd8e10.png)

> **7 种 JOIN 示例**

**笛卡尔积**

1. tbl_emp 表和 tbl_dept 表的笛卡尔乘积：`select * from tbl_emp, tbl_dept;`
2. 其结果集的个数为：5 * 8 = 40

```
mysql> select * from tbl_emp, tbl_dept;
+----+------+--------+----+----------+--------+
| id | NAME | deptId | id | deptName | locAdd |
+----+------+--------+----+----------+--------+
|  1 | z3   |      1 |  1 | RD       | 11     |
|  1 | z3   |      1 |  2 | HR       | 12     |
|  1 | z3   |      1 |  3 | MK       | 13     |
|  1 | z3   |      1 |  4 | MIS      | 14     |
|  1 | z3   |      1 |  5 | FD       | 15     |
|  2 | z4   |      1 |  1 | RD       | 11     |
|  2 | z4   |      1 |  2 | HR       | 12     |
|  2 | z4   |      1 |  3 | MK       | 13     |
|  2 | z4   |      1 |  4 | MIS      | 14     |
|  2 | z4   |      1 |  5 | FD       | 15     |
|  3 | z5   |      1 |  1 | RD       | 11     |
|  3 | z5   |      1 |  2 | HR       | 12     |
|  3 | z5   |      1 |  3 | MK       | 13     |
|  3 | z5   |      1 |  4 | MIS      | 14     |
|  3 | z5   |      1 |  5 | FD       | 15     |
|  4 | w5   |      2 |  1 | RD       | 11     |
|  4 | w5   |      2 |  2 | HR       | 12     |
|  4 | w5   |      2 |  3 | MK       | 13     |
|  4 | w5   |      2 |  4 | MIS      | 14     |
|  4 | w5   |      2 |  5 | FD       | 15     |
|  5 | w6   |      2 |  1 | RD       | 11     |
|  5 | w6   |      2 |  2 | HR       | 12     |
|  5 | w6   |      2 |  3 | MK       | 13     |
|  5 | w6   |      2 |  4 | MIS      | 14     |
|  5 | w6   |      2 |  5 | FD       | 15     |
|  6 | s7   |      3 |  1 | RD       | 11     |
|  6 | s7   |      3 |  2 | HR       | 12     |
|  6 | s7   |      3 |  3 | MK       | 13     |
|  6 | s7   |      3 |  4 | MIS      | 14     |
|  6 | s7   |      3 |  5 | FD       | 15     |
|  7 | s8   |      4 |  1 | RD       | 11     |
|  7 | s8   |      4 |  2 | HR       | 12     |
|  7 | s8   |      4 |  3 | MK       | 13     |
|  7 | s8   |      4 |  4 | MIS      | 14     |
|  7 | s8   |      4 |  5 | FD       | 15     |
|  8 | s9   |     51 |  1 | RD       | 11     |
|  8 | s9   |     51 |  2 | HR       | 12     |
|  8 | s9   |     51 |  3 | MK       | 13     |
|  8 | s9   |     51 |  4 | MIS      | 14     |
|  8 | s9   |     51 |  5 | FD       | 15     |
+----+------+--------+----+----------+--------+
40 rows in set (0.00 sec)
12345678910111213141516171819202122232425262728293031323334353637383940414243444546
```

------

**inner join**

1. tbl_emp 表和 tbl_dept 的交集部分（公共部分）
2. `select * from tbl_emp e inner join tbl_dept d on e.deptId = d.id;`

```
mysql> select * from tbl_emp e inner join tbl_dept d on e.deptId = d.id;
+----+------+--------+----+----------+--------+
| id | NAME | deptId | id | deptName | locAdd |
+----+------+--------+----+----------+--------+
|  1 | z3   |      1 |  1 | RD       | 11     |
|  2 | z4   |      1 |  1 | RD       | 11     |
|  3 | z5   |      1 |  1 | RD       | 11     |
|  4 | w5   |      2 |  2 | HR       | 12     |
|  5 | w6   |      2 |  2 | HR       | 12     |
|  6 | s7   |      3 |  3 | MK       | 13     |
|  7 | s8   |      4 |  4 | MIS      | 14     |
+----+------+--------+----+----------+--------+
7 rows in set (0.00 sec)
12345678910111213
```

------

**left join**

1. tbl_emp 与 tbl_dept 的公共部分 + tbl_emp 表的独有部分
2. left join：取左表独有部分 + 两表公共部分
3. `select * from tbl_emp e left join tbl_dept d on e.deptId = d.id;`

```
mysql> select * from tbl_emp e left join tbl_dept d on e.deptId = d.id;
+----+------+--------+------+----------+--------+
| id | NAME | deptId | id   | deptName | locAdd |
+----+------+--------+------+----------+--------+
|  1 | z3   |      1 |    1 | RD       | 11     |
|  2 | z4   |      1 |    1 | RD       | 11     |
|  3 | z5   |      1 |    1 | RD       | 11     |
|  4 | w5   |      2 |    2 | HR       | 12     |
|  5 | w6   |      2 |    2 | HR       | 12     |
|  6 | s7   |      3 |    3 | MK       | 13     |
|  7 | s8   |      4 |    4 | MIS      | 14     |
|  8 | s9   |     51 | NULL | NULL     | NULL   |
+----+------+--------+------+----------+--------+
8 rows in set (0.00 sec)
1234567891011121314
```

------

**right join**

1. tbl_emp 与 tbl_dept 的公共部分 + tbl_dept表的独有部分
2. right join：取右表独有部分 + 两表公共部分
3. `select * from tbl_emp e right join tbl_dept d on e.deptId = d.id;`

```
mysql> select * from tbl_emp e right join tbl_dept d on e.deptId = d.id;
+------+------+--------+----+----------+--------+
| id   | NAME | deptId | id | deptName | locAdd |
+------+------+--------+----+----------+--------+
|    1 | z3   |      1 |  1 | RD       | 11     |
|    2 | z4   |      1 |  1 | RD       | 11     |
|    3 | z5   |      1 |  1 | RD       | 11     |
|    4 | w5   |      2 |  2 | HR       | 12     |
|    5 | w6   |      2 |  2 | HR       | 12     |
|    6 | s7   |      3 |  3 | MK       | 13     |
|    7 | s8   |      4 |  4 | MIS      | 14     |
| NULL | NULL |   NULL |  5 | FD       | 15     |
+------+------+--------+----+----------+--------+
8 rows in set (0.00 sec)
1234567891011121314
```

------

**left join without common part**

1. tbl_emp 表的独有部分：将 left join 结果集中的两表公共部分去掉即可：`where d.id is null`
2. `select * from tbl_emp e left join tbl_dept d on e.deptId = d.id where d.id is null;`

```
mysql> select * from tbl_emp e left join tbl_dept d on e.deptId = d.id where d.id is null;
+----+------+--------+------+----------+--------+
| id | NAME | deptId | id   | deptName | locAdd |
+----+------+--------+------+----------+--------+
|  8 | s9   |     51 | NULL | NULL     | NULL   |
+----+------+--------+------+----------+--------+
1 row in set (0.00 sec)
1234567
```

------

**right join without common part**

1. tbl_dept表的独有部分：将 right join 结果集中的两表公共部分去掉即可：`where e.id is null`
2. `select * from tbl_emp e right join tbl_dept d on e.deptId = d.id where e.id is null;`

```
mysql> select * from tbl_emp e right join tbl_dept d on e.deptId = d.id where e.id is null;
+------+------+--------+----+----------+--------+
| id   | NAME | deptId | id | deptName | locAdd |
+------+------+--------+----+----------+--------+
| NULL | NULL |   NULL |  5 | FD       | 15     |
+------+------+--------+----+----------+--------+
1 row in set (0.00 sec)
1234567
```

------

**full join**

1. 兄弟，mysql 不支持 full join ，但是我们可以通过骚操作实现 full join ，union 关键字用于连接结果集，并且自动去重
2. tbl_emp 与 tbl_dept 的公共部分 + tbl_emp 表的独有部分 + tbl_dept表的独有部分：将 left join 的结果集和 right join 的结果集使用 union 合并即可
3. `select * from tbl_emp e left join tbl_dept d on e.deptId = d.id union select * from tbl_emp e right join tbl_dept d on e.deptId = d.id;`

```mysql
mysql> select * from tbl_emp e left join tbl_dept d on e.deptId = d.id
    -> union
    -> select * from tbl_emp e right join tbl_dept d on e.deptId = d.id;
+------+------+--------+------+----------+--------+
| id   | NAME | deptId | id   | deptName | locAdd |
+------+------+--------+------+----------+--------+
|    1 | z3   |      1 |    1 | RD       | 11     |
|    2 | z4   |      1 |    1 | RD       | 11     |
|    3 | z5   |      1 |    1 | RD       | 11     |
|    4 | w5   |      2 |    2 | HR       | 12     |
|    5 | w6   |      2 |    2 | HR       | 12     |
|    6 | s7   |      3 |    3 | MK       | 13     |
|    7 | s8   |      4 |    4 | MIS      | 14     |
|    8 | s9   |     51 | NULL | NULL     | NULL   |
| NULL | NULL |   NULL |    5 | FD       | 15     |
+------+------+--------+------+----------+--------+
9 rows in set (0.00 sec)
1234567891011121314151617
```

------

**full join without common part**

1. tbl_emp 表的独有部分 + tbl_dept表的独有部分
2. `select * from tbl_emp e left join tbl_dept d on e.deptId = d.id where d.id is null union select * from tbl_emp e right join tbl_dept d on e.deptId = d.id where e.id is null;`

```mysql
mysql> select * from tbl_emp e left join tbl_dept d on e.deptId = d.id where d.id is null
    -> union
    -> select * from tbl_emp e right join tbl_dept d on e.deptId = d.id where e.id is null;
+------+------+--------+------+----------+--------+
| id   | NAME | deptId | id   | deptName | locAdd |
+------+------+--------+------+----------+--------+
|    8 | s9   |     51 | NULL | NULL     | NULL   |
| NULL | NULL |   NULL |    5 | FD       | 15     |
+------+------+--------+------+----------+--------+
2 rows in set (0.00 sec)
```